1;Trapper;Trapper.webp
2;Wraith;Wraith.webp
3;Hillybilly;Hillybilly.webp
4;Nurse;Nurse.webp
5;Huntress;Huntress.webp
6;Shape;Shape.webp
7;Hag;Hag.webp
8;Doctor;Doctor.webp
9;Cannibal;Cannibal.webp
10;Nightmare;Nightmare.webp
11;Pig;Pig.webp
12;Clown;Clown.webp
13;Spirit;Spirit.webp
14;Legion;Legion.webp
15;Plague;Plague.webp
16;Ghost Face;Ghostface.webp
17;Demogorgon;Demogorgon.webp
18;Oni;Oni.webp
19;Deathslinger;Deathslinger.webp
20;Executioner;Executioner.webp
21;Blight;Blight.webp
22;Twins;Twins.webp
23;Trickster;Trickster.webp
24;Nemesis;Nemesis.webp
25;Cenobite;Cenobite.webp
26;Artist;Artist.webp
27;Onry?;Onry?.webp
28;Dredge;Dredge.webp
29;Mastermind;Mastermind.webp
30;Knight;Knight.webp
31;Skull Merchant;Skullmerchant.webp
32;Singularity;Singularity.webp
33;Xenomorph;Xenomorph.webp
